Model,F1-macro
Baseline (Supervised),0.47153196677178205
Self-Training,0.5343258092284096
