{
  "0.6": 0.4073673130541291,
  "0.65": 0.408076542923922,
  "0.7": 0.4086847215532436,
  "0.75": 0.41602920136147575,
  "0.8": 0.40962315727004966,
  "0.85": 0.41607911829292327,
  "0.9": 0.404431750461202,
  "0.95": 0.4052279341179796
}